id:ID,name,前轮胎规格,后轮胎规格
2433,车轮制动,245/70 R16,245/70 R16
2434,车轮制动,215/75 R16,215/75 R16
2435,车轮制动,215/75 R16,215/75 R16
2436,车轮制动,255/60 R18,255/60 R18
2437,车轮制动,255/55 R19,255/55 R19
2438,车轮制动,255/55 R19,255/55 R19
2439,车轮制动,215/75 R16,215/75 R16
2440,车轮制动,245/70 R16,245/70 R16
2441,车轮制动,225/55 R18,225/55 R18
2442,车轮制动,255/55 R19,255/55 R19
2443,车轮制动,255/55 R19,255/55 R19
2444,车轮制动,245/70 R16,245/70 R16
2445,车轮制动,245/70 R16,245/70 R16
2446,车轮制动,215/75 R16,215/75 R16
2447,车轮制动,225/55 R18,225/55 R18
2448,车轮制动,245/70 R16,245/70 R16
2449,车轮制动,245/65 R17,245/65 R17
2450,车轮制动,215/75 R16,215/75 R16
2451,车轮制动,245/70 R16,245/70 R16
2452,车轮制动,215/70 R16,215/70 R16
2453,车轮制动,245/70 R16,245/70 R16
2454,车轮制动,245/65 R17,245/65 R17
2455,车轮制动,245/70 R16,245/70 R16
2456,车轮制动,255/55 R19,255/55 R19
2457,车轮制动,215/75 R16,215/75 R16
2458,车轮制动,215/65 R17,215/65 R17
2459,车轮制动,245/70 R16,245/70 R16
2460,车轮制动,215/55 R17,215/55 R17
2461,车轮制动,215/75 R16,215/75 R16
2462,车轮制动,,
2463,车轮制动,245/70 R16,245/70 R16
2464,车轮制动,215/75 R16,215/75 R16
2465,车轮制动,215/65 R17,215/65 R17
2466,车轮制动,215/70 R16,215/70 R16
2467,车轮制动,225/55 R18,225/55 R18
2468,车轮制动,215/75 R16,215/75 R16
2469,车轮制动,255/55 R19,255/55 R19
2470,车轮制动,215/70 R16,215/70 R16
2471,车轮制动,215/55 R17,215/55 R17
2472,车轮制动,235/55 R18,235/55 R18
2473,车轮制动,235/50 R19,235/50 R19
2474,车轮制动,,
2475,车轮制动,245/70 R16,245/70 R16
2476,车轮制动,215/75 R16,215/75 R16
2477,车轮制动,,
2478,车轮制动,245/70 R16,245/70 R16
2479,车轮制动,185/65 R15,185/65 R15
2480,车轮制动,245/70 R16,245/70 R16
2481,车轮制动,,
2482,车轮制动,215/75 R16,215/75 R16
2483,车轮制动,245/70 R16,245/70 R16
2484,车轮制动,245/70 R16,245/70 R16
2485,车轮制动,235/55 R18,235/55 R18
2486,车轮制动,215/75 R16,215/75 R16
2487,车轮制动,185/65 R15,185/65 R15
2488,车轮制动,255/60 R18,255/60 R18
2489,车轮制动,245/65 R17,245/65 R17
2490,车轮制动,195/75 R16,195/75 R16
2491,车轮制动,245/70 R16,245/70 R16
2492,车轮制动,245/70 R16,245/70 R16
2493,车轮制动,195/75 R16,195/75 R16
2494,车轮制动,215/75 R16,215/75 R16
2495,车轮制动,,
2496,车轮制动,215/65 R17,215/65 R17
2497,车轮制动,195/75 R16,195/75 R16
2498,车轮制动,215/75 R16,215/75 R16
2499,车轮制动,,
2500,车轮制动,,
2501,车轮制动,245/70 R16,245/70 R16
2502,车轮制动,215/65 R17,215/65 R17
2503,车轮制动,245/70 R16,245/70 R16
2504,车轮制动,235/55 R18,235/55 R18
2505,车轮制动,235/65 R16,235/65 R16
2506,车轮制动,215/55 R17,215/55 R17
2507,车轮制动,215/65 R17,215/65 R17
2508,车轮制动,,
2509,车轮制动,235/65 R16,235/65 R16
2510,车轮制动,245/70 R16,245/70 R16
2511,车轮制动,,
2512,车轮制动,,
2513,车轮制动,215/75 R16,215/75 R16
2514,车轮制动,215/75 R16,215/75 R16
2515,车轮制动,,
2516,车轮制动,245/70 R16,245/70 R16
2517,车轮制动,215/75 R16,215/75 R16
2518,车轮制动,245/70 R16,245/70 R16
2519,车轮制动,245/70 R16,245/70 R16
2520,车轮制动,195/75 R16,195/75 R16
2521,车轮制动,255/60 R18,255/60 R18
2522,车轮制动,245/65 R17,245/65 R17
2523,车轮制动,,
2524,车轮制动,245/70 R16,245/70 R16
2525,车轮制动,255/55 R19,255/55 R19
2526,车轮制动,245/70 R16,245/70 R16
2527,车轮制动,245/70 R16,245/70 R16
2528,车轮制动,235/65 R16,235/65 R16
2529,车轮制动,185/65 R15LT,185/65 R15LT
2530,车轮制动,245/70 R16,245/70 R16
2531,车轮制动,245/70 R16,245/70 R16
2532,车轮制动,215/75 R16,215/75 R16
2533,车轮制动,245/70 R16,245/70 R16
2534,车轮制动,235/65 R16,235/65 R16
2535,车轮制动,255/55 R19,255/55 R19
2536,车轮制动,215/75 R16,215/75 R16
2537,车轮制动,205/60 R16,205/60 R16
2538,车轮制动,215/75 R16,215/75 R16
2539,车轮制动,245/70 R16,245/70 R16
2540,车轮制动,185/65 R15LT,185/65 R15LT
2541,车轮制动,255/60 R18,255/60 R18
2542,车轮制动,255/55 R19,255/55 R19
2543,车轮制动,215/75 R16,215/75 R16
2544,车轮制动,245/65 R17,245/65 R17
2545,车轮制动,215/70 R15,215/70 R15
2546,车轮制动,225/60 R17,225/60 R17
2547,车轮制动,215/75 R16,215/75 R16
2548,车轮制动,,
2549,车轮制动,215/75 R16,215/75 R16
2550,车轮制动,215/75 R16,215/75 R16
2551,车轮制动,,
2552,车轮制动,235/50 R19,235/50 R19
2553,车轮制动,215/75 R16,215/75 R16
2554,车轮制动,215/70 R15,215/70 R15
2555,车轮制动,215/70 R16,215/70 R16
2556,车轮制动,215/70 R16,215/70 R16
2557,车轮制动,205/60 R16,205/60 R16
2558,车轮制动,245/70 R16,245/70 R16
2559,车轮制动,,
2560,车轮制动,245/70 R16,245/70 R16
2561,车轮制动,255/55 R19,255/55 R19
2562,车轮制动,215/55 R17,215/55 R17
2563,车轮制动,255/55 R19,255/55 R19
2564,车轮制动,215/75 R16,215/75 R16
2565,车轮制动,255/55 R19,255/55 R19
2566,车轮制动,225/55 R18,225/55 R18
2567,车轮制动,215/75 R16,215/75 R16
2568,车轮制动,215/70 R16,215/70 R16
2569,车轮制动,215/75 R16,215/75 R16
2570,车轮制动,215/75 R16,215/75 R16
2571,车轮制动,265/45 R21,265/45 R21
2572,车轮制动,245/65 R17,245/65 R17
2573,车轮制动,215/55 R17,215/55 R17
2574,车轮制动,245/70 R16,245/70 R16
2575,车轮制动,215/70 R16,215/70 R16
2576,车轮制动,245/65 R17,245/65 R17
2577,车轮制动,205/60 R16,205/60 R16
2578,车轮制动,245/70 R16,245/70 R16
2579,车轮制动,225/55 R18,225/55 R18
2580,车轮制动,265/45 R21,265/45 R21
2581,车轮制动,255/55 R19,255/55 R19
2582,车轮制动,255/60 R18,255/60 R18
2583,车轮制动,195/75 R16,195/75 R16
2584,车轮制动,245/70 R16,245/70 R16
2585,车轮制动,,
2586,车轮制动,225/60 R17,225/60 R17
2587,车轮制动,245/70 R16,245/70 R16
2588,车轮制动,215/65 R17,215/65 R17
2589,车轮制动,195/75 R16,195/75 R16
2590,车轮制动,215/70 R16,215/70 R16
2591,车轮制动,215/75 R16,215/75 R16
2592,车轮制动,215/75 R16,215/75 R16
2593,车轮制动,235/55 R18,235/55 R18
2594,车轮制动,255/55 R19,255/55 R19
2595,车轮制动,215/75 R16,215/75 R16
2596,车轮制动,215/75 R16,215/75 R16
2597,车轮制动,245/70 R16,245/70 R16
2598,车轮制动,215/75 R16,215/75 R16
2599,车轮制动,185/65 R15,185/65 R15
2600,车轮制动,245/70 R16,245/70 R16
2601,车轮制动,215/75 R16,215/75 R16
2602,车轮制动,245/65 R17,245/65 R17
2603,车轮制动,215/75 R16,215/75 R16
2604,车轮制动,,
2605,车轮制动,235/50 R19,235/50 R19
2606,车轮制动,245/70 R16,245/70 R16
2607,车轮制动,215/75 R16,215/75 R16
2608,车轮制动,215/75 R16,215/75 R16
2609,车轮制动,215/75 R16,215/75 R16
2610,车轮制动,215/75 R16,215/75 R16
2611,车轮制动,,
2612,车轮制动,245/70 R16,245/70 R16
2613,车轮制动,245/70 R16,245/70 R16
2614,车轮制动,255/55 R19,255/55 R19
2615,车轮制动,245/70 R16,245/70 R16
2616,车轮制动,245/70 R16,245/70 R16
2617,车轮制动,255/60 R18,255/60 R18
2618,车轮制动,245/70 R16,245/70 R16
2619,车轮制动,245/70 R16,245/70 R16
2620,车轮制动,235/65 R16,235/65 R16
2621,车轮制动,,
2622,车轮制动,225/55 R18,225/55 R18
2623,车轮制动,215/75 R16,215/75 R16
2624,车轮制动,215/75 R16,215/75 R16
2625,车轮制动,215/65 R17,215/65 R17
2626,车轮制动,245/70 R16,245/70 R16
2627,车轮制动,215/75 R16,215/75 R16
2628,车轮制动,185/65 R15LT,185/65 R15LT
2629,车轮制动,225/55 R18,225/55 R18
2630,车轮制动,215/55 R17,215/55 R17
2631,车轮制动,215/75 R16,215/75 R16
2632,车轮制动,,
2633,车轮制动,215/75 R16,215/75 R16
2634,车轮制动,,
2635,车轮制动,215/75 R16,215/75 R16
2636,车轮制动,215/75 R16,215/75 R16
2637,车轮制动,245/70 R16,245/70 R16
2638,车轮制动,255/55 R19,255/55 R19
2639,车轮制动,215/55 R17,215/55 R17
2640,车轮制动,255/55 R19,255/55 R19
2641,车轮制动,215/70 R16,215/70 R16
2642,车轮制动,245/70 R16,245/70 R16
2643,车轮制动,215/55 R17,215/55 R17
2644,车轮制动,245/70 R16,245/70 R16
2645,车轮制动,215/65 R17,215/65 R17
2646,车轮制动,215/75 R16,215/75 R16
2647,车轮制动,245/70 R16,245/70 R16
2648,车轮制动,245/70 R16,245/70 R16
2649,车轮制动,,
2650,车轮制动,245/70 R16,245/70 R16
2651,车轮制动,215/70 R16,215/70 R16
2652,车轮制动,215/75 R16,215/75 R16
2653,车轮制动,245/70 R16,245/70 R16
2654,车轮制动,195/75 R16,195/75 R16
2655,车轮制动,185/65 R15LT,185/65 R15LT
2656,车轮制动,215/75 R16,215/75 R16
2657,车轮制动,235/50 R19,235/50 R19
2658,车轮制动,215/70 R16,215/70 R16
2659,车轮制动,,
2660,车轮制动,,
2661,车轮制动,255/55 R19,255/55 R19
2662,车轮制动,245/70 R16,245/70 R16
2663,车轮制动,215/75 R16,215/75 R16
2664,车轮制动,215/75 R16,215/75 R16
2665,车轮制动,215/75 R16,215/75 R16
2666,车轮制动,225/60 R17,225/60 R17
2667,车轮制动,215/75 R16,215/75 R16
2668,车轮制动,205/60 R16,205/60 R16
2669,车轮制动,215/75 R16,215/75 R16
2670,车轮制动,235/65 R16,235/65 R16
2671,车轮制动,245/70 R16,245/70 R16
2672,车轮制动,245/70 R16,245/70 R16
2673,车轮制动,245/70 R16,245/70 R16
2674,车轮制动,245/70 R16,245/70 R16
2675,车轮制动,245/70 R16,245/70 R16
2676,车轮制动,,
2677,车轮制动,,
2678,车轮制动,245/70 R16,245/70 R16
2679,车轮制动,185/65 R15LT,185/65 R15LT
2680,车轮制动,205/60 R16,205/60 R16
2681,车轮制动,215/75 R16,215/75 R16
2682,车轮制动,,
2683,车轮制动,195/75 R16,195/75 R16
2684,车轮制动,,
2685,车轮制动,225/60 R17,225/60 R17
2686,车轮制动,215/75 R16,215/75 R16
2687,车轮制动,215/70 R15,215/70 R15
2688,车轮制动,255/55 R19,255/55 R19
2689,车轮制动,215/75 R16,215/75 R16
2690,车轮制动,,
2691,车轮制动,,
2692,车轮制动,215/70 R16,215/70 R16
2693,车轮制动,245/70 R16,245/70 R16
2694,车轮制动,235/55 R18,235/55 R18
2695,车轮制动,245/70 R16,245/70 R16
2696,车轮制动,,
2697,车轮制动,255/60 R18,255/60 R18
2698,车轮制动,215/70 R16,215/70 R16
2699,车轮制动,245/70 R16,245/70 R16
2700,车轮制动,255/55 R19,255/55 R19
2701,车轮制动,235/55 R18,235/55 R18
2702,车轮制动,245/70 R16,245/70 R16
2703,车轮制动,215/75 R16,215/75 R16
2704,车轮制动,185/65 R15LT,185/65 R15LT
2705,车轮制动,245/70 R16,245/70 R16
2706,车轮制动,245/70 R16,245/70 R16
2707,车轮制动,,
2708,车轮制动,215/70 R16,215/70 R16
2709,车轮制动,245/70 R16,245/70 R16
2710,车轮制动,245/70 R16,245/70 R16
2711,车轮制动,215/70 R16,215/70 R16
2712,车轮制动,185/65 R15,185/65 R15
2713,车轮制动,215/70 R16,215/70 R16
2714,车轮制动,245/70 R16,245/70 R16
2715,车轮制动,215/75 R16,215/75 R16
2716,车轮制动,245/65 R17,245/65 R17
2717,车轮制动,,
2718,车轮制动,255/55 R19,255/55 R19
2719,车轮制动,215/75 R16,215/75 R16
2720,车轮制动,245/70 R16,245/70 R16
2721,车轮制动,255/55 R19,255/55 R19
2722,车轮制动,215/75 R16,215/75 R16
2723,车轮制动,245/65 R17,245/65 R17
2724,车轮制动,235/55 R18,235/55 R18
2725,车轮制动,235/65 R16,235/65 R16
2726,车轮制动,245/70 R16,245/70 R16
2727,车轮制动,215/70 R16,215/70 R16
2728,车轮制动,,
2729,车轮制动,265/45 R21,265/45 R21
2730,车轮制动,215/65 R17,215/65 R17
2731,车轮制动,215/75 R16,215/75 R16
2732,车轮制动,215/75 R16,215/75 R16
2733,车轮制动,195/75 R16,195/75 R16
2734,车轮制动,185/65 R15LT,185/65 R15LT
2735,车轮制动,245/70 R16,245/70 R16
2736,车轮制动,245/70 R16,245/70 R16
2737,车轮制动,245/65 R17,245/65 R17
2738,车轮制动,245/70 R16,245/70 R16
2739,车轮制动,235/55 R18,235/55 R18
2740,车轮制动,215/75 R16,215/75 R16
2741,车轮制动,215/75 R16,215/75 R16
2742,车轮制动,,
2743,车轮制动,185/65 R15,185/65 R15
2744,车轮制动,,
2745,车轮制动,215/70 R15,215/70 R15
2746,车轮制动,245/70 R16,245/70 R16
2747,车轮制动,215/75 R16,215/75 R16
2748,车轮制动,,
2749,车轮制动,215/75 R16,215/75 R16
2750,车轮制动,245/70 R16,245/70 R16
2751,车轮制动,245/70 R16,245/70 R16
2752,车轮制动,245/70 R16,245/70 R16
2753,车轮制动,245/70 R16,245/70 R16
2754,车轮制动,235/50 R19,235/50 R19
2755,车轮制动,215/75 R16,215/75 R16
2756,车轮制动,,
2757,车轮制动,,
2758,车轮制动,215/75 R16,215/75 R16
2759,车轮制动,215/75 R16,215/75 R16
2760,车轮制动,245/70 R16,245/70 R16
2761,车轮制动,245/70 R16,245/70 R16
2762,车轮制动,245/65 R17,245/65 R17
2763,车轮制动,205/60 R16,205/60 R16
2764,车轮制动,225/55 R18,225/55 R18
2765,车轮制动,195/75 R16,195/75 R16
2766,车轮制动,235/65 R16,235/65 R16
2767,车轮制动,225/60 R17,225/60 R17
2768,车轮制动,255/55 R19,255/55 R19
2769,车轮制动,235/55 R18,235/55 R18
2770,车轮制动,215/75 R16,215/75 R16
2771,车轮制动,,
2772,车轮制动,215/75 R16,215/75 R16
2773,车轮制动,255/60 R18,255/60 R18
2774,车轮制动,245/70 R16,245/70 R16
2775,车轮制动,215/75 R16,215/75 R16
2776,车轮制动,245/70 R16,245/70 R16
2777,车轮制动,195/75 R16,195/75 R16
2778,车轮制动,205/60 R16,205/60 R16
2779,车轮制动,245/70 R16,245/70 R16
2780,车轮制动,235/65 R16,235/65 R16
2781,车轮制动,215/75 R16,215/75 R16
2782,车轮制动,245/70 R16,245/70 R16
2783,车轮制动,215/75 R16,215/75 R16
2784,车轮制动,215/75 R16,215/75 R16
2785,车轮制动,195/75 R16,195/75 R16
2786,车轮制动,215/75 R16,215/75 R16
2787,车轮制动,215/70 R16,215/70 R16
2788,车轮制动,215/75 R16,215/75 R16
2789,车轮制动,215/75 R16,215/75 R16
2790,车轮制动,235/55 R18,235/55 R18
2791,车轮制动,,
2792,车轮制动,255/55 R19,255/55 R19
2793,车轮制动,205/60 R16,205/60 R16
2794,车轮制动,245/70 R16,245/70 R16
2795,车轮制动,255/55 R19,255/55 R19
2796,车轮制动,255/55 R19,255/55 R19
2797,车轮制动,215/75 R16,215/75 R16
2798,车轮制动,215/70 R16,215/70 R16
2799,车轮制动,245/70 R16,245/70 R16
2800,车轮制动,215/70 R16,215/70 R16
2801,车轮制动,215/70 R16,215/70 R16
2802,车轮制动,245/70 R16,245/70 R16
2803,车轮制动,215/75 R16,215/75 R16
2804,车轮制动,185/65 R15LT,185/65 R15LT
2805,车轮制动,,
2806,车轮制动,245/70 R16,245/70 R16
2807,车轮制动,245/70 R16,245/70 R16
2808,车轮制动,245/70 R16,245/70 R16
2809,车轮制动,215/75 R16,215/75 R16
2810,车轮制动,215/75 R16,215/75 R16
2811,车轮制动,,
2812,车轮制动,215/75 R16,215/75 R16
2813,车轮制动,195/75 R16,195/75 R16
2814,车轮制动,255/55 R19,255/55 R19
2815,车轮制动,245/70 R16,245/70 R16
2816,车轮制动,245/70 R16,245/70 R16
2817,车轮制动,,
2818,车轮制动,215/75 R16,215/75 R16
2819,车轮制动,255/55 R19,255/55 R19
2820,车轮制动,255/55 R19,255/55 R19
2821,车轮制动,215/55 R17,215/55 R17
2822,车轮制动,215/70 R15,215/70 R15
2823,车轮制动,245/70 R16,245/70 R16
2824,车轮制动,215/75 R16,215/75 R16
2825,车轮制动,215/70 R16,215/70 R16
2826,车轮制动,215/65 R17,215/65 R17
2827,车轮制动,215/75 R16,215/75 R16
2828,车轮制动,,
2829,车轮制动,,
2830,车轮制动,185/65 R15,185/65 R15
2831,车轮制动,245/70 R16,245/70 R16
2832,车轮制动,245/65 R17,245/65 R17
2833,车轮制动,225/60 R17,225/60 R17
2834,车轮制动,215/75 R16,215/75 R16
2835,车轮制动,255/55 R19,255/55 R19
2836,车轮制动,195/75 R16,195/75 R16
2837,车轮制动,255/55 R19,255/55 R19
2838,车轮制动,245/70 R16,245/70 R16
2839,车轮制动,245/70 R16,245/70 R16
2840,车轮制动,215/75 R16,215/75 R16
2841,车轮制动,215/75 R16,215/75 R16
2842,车轮制动,215/75 R16,215/75 R16
2843,车轮制动,,
2844,车轮制动,245/70 R16,245/70 R16
2845,车轮制动,,
2846,车轮制动,195/75 R16,195/75 R16
2847,车轮制动,,
2848,车轮制动,245/70 R16,245/70 R16
2849,车轮制动,215/75 R16,215/75 R16
2850,车轮制动,255/55 R19,255/55 R19
2851,车轮制动,215/75 R16,215/75 R16
2852,车轮制动,265/45 R21,265/45 R21
2853,车轮制动,215/75 R16,215/75 R16
2854,车轮制动,255/55 R19,255/55 R19
2855,车轮制动,195/75 R16,195/75 R16
2856,车轮制动,215/75 R16,215/75 R16
2857,车轮制动,255/55 R19,255/55 R19
2858,车轮制动,215/75 R16,215/75 R16
2859,车轮制动,195/75 R16,195/75 R16
2860,车轮制动,245/70 R16,245/70 R16
2861,车轮制动,255/55 R19,255/55 R19
2862,车轮制动,215/75 R16,215/75 R16
2863,车轮制动,245/65 R17,245/65 R17
2864,车轮制动,215/75 R16,215/75 R16
2865,车轮制动,235/65 R16,235/65 R16
2866,车轮制动,245/70 R16,245/70 R16
2867,车轮制动,235/65 R16,235/65 R16
2868,车轮制动,245/70 R16,245/70 R16
2869,车轮制动,195/75 R16,195/75 R16
2870,车轮制动,,
2871,车轮制动,245/70 R16,245/70 R16
2872,车轮制动,,
2873,车轮制动,,
2874,车轮制动,,
2875,车轮制动,215/75 R16,215/75 R16
2876,车轮制动,,
2877,车轮制动,215/70 R16,215/70 R16
2878,车轮制动,215/75 R16,215/75 R16
2879,车轮制动,245/70 R16,245/70 R16
2880,车轮制动,245/70 R16,245/70 R16
2881,车轮制动,245/70 R16,245/70 R16
2882,车轮制动,195/75 R16,195/75 R16
2883,车轮制动,255/55 R19,255/55 R19
2884,车轮制动,235/50 R19,235/50 R19
2885,车轮制动,235/55 R18,235/55 R18
2886,车轮制动,245/70 R16,245/70 R16
2887,车轮制动,235/65 R16,235/65 R16
2888,车轮制动,245/70 R16,245/70 R16
2889,车轮制动,,
2890,车轮制动,195/75 R16,195/75 R16
2891,车轮制动,255/55 R19,255/55 R19
2892,车轮制动,245/70 R16,245/70 R16
2893,车轮制动,215/75 R16,215/75 R16
2894,车轮制动,215/75 R16,215/75 R16
2895,车轮制动,215/70 R16,215/70 R16
2896,车轮制动,215/75 R16,215/75 R16
2897,车轮制动,215/75 R16,215/75 R16
2898,车轮制动,195/75 R16,195/75 R16
2899,车轮制动,,
2900,车轮制动,215/70 R15,215/70 R15
2901,车轮制动,,
2902,车轮制动,,
2903,车轮制动,,
2904,车轮制动,235/55 R18,235/55 R18
2905,车轮制动,215/75 R16,215/75 R16
2906,车轮制动,195/75 R16,195/75 R16
2907,车轮制动,255/55 R19,255/55 R19
2908,车轮制动,185/65 R15LT,185/65 R15LT
2909,车轮制动,255/55 R19,255/55 R19
2910,车轮制动,215/75 R16,215/75 R16
2911,车轮制动,195/75 R16,195/75 R16
2912,车轮制动,215/75 R16,215/75 R16
2913,车轮制动,215/75 R16,215/75 R16
2914,车轮制动,245/70 R16,245/70 R16
