:START_ID,:END_ID,LINK
19,351,包含
9,187,包含
9,277,包含
9,490,包含
9,203,包含
9,49,包含
9,450,包含
9,350,包含
9,310,包含
9,295,包含
9,243,包含
9,285,包含
9,100,包含
9,428,包含
9,196,包含
9,116,包含
9,412,包含
9,144,包含
9,335,包含
9,135,包含
9,208,包含
9,476,包含
9,35,包含
9,405,包含
9,340,包含
9,265,包含
9,504,包含
9,232,包含
9,470,包含
9,461,包含
9,65,包含
9,79,包含
9,44,包含
9,216,包含
9,429,包含
9,482,包含
9,43,包含
9,34,包含
9,384,包含
9,304,包含
9,438,包含
9,413,包含
9,106,包含
9,326,包含
9,41,包含
9,313,包含
9,327,包含
9,39,包含
9,398,包含
9,177,包含
9,168,包含
9,93,包含
9,421,包含
9,316,包含
9,458,包含
9,53,包含
9,372,包含
9,296,包含
9,325,包含
9,68,包含
9,73,包含
9,81,包含
9,478,包含
9,422,包含
9,129,包含
9,234,包含
9,469,包含
9,336,包含
9,289,包含
9,263,包含
9,162,包含
16,341,包含
16,392,包含
16,206,包含
16,434,包含
16,358,包含
16,451,包含
16,230,包含
16,499,包含
16,425,包含
16,497,包含
16,308,包含
16,251,包含
16,204,包含
16,151,包含
16,386,包含
16,59,包含
16,70,包含
16,342,包含
16,30,包含
16,123,包含
16,238,包含
16,299,包含
16,190,包含
16,397,包含
16,45,包含
16,406,包含
16,148,包含
16,114,包含
16,364,包含
16,38,包含
16,328,包含
16,209,包含
16,117,包含
16,174,包含
16,261,包含
16,343,包含
16,240,包含
16,262,包含
16,120,包含
16,166,包含
16,91,包含
16,264,包含
16,237,包含
16,202,包含
16,108,包含
16,292,包含
16,471,包含
16,23,包含
16,306,包含
16,134,包含
16,352,包含
16,453,包含
16,192,包含
16,112,包含
16,283,包含
16,404,包含
16,481,包含
16,28,包含
16,447,包含
16,290,包含
16,385,包含
16,311,包含
16,382,包含
16,164,包含
16,268,包含
16,227,包含
16,369,包含
16,205,包含
16,252,包含
16,456,包含
16,121,包含
16,366,包含
16,396,包含
16,389,包含
16,109,包含
16,74,包含
16,82,包含
16,300,包含
16,150,包含
16,409,包含
16,410,包含
16,473,包含
16,132,包含
16,27,包含
16,184,包含
10,235,包含
10,291,包含
10,94,包含
10,380,包含
10,320,包含
10,97,包含
10,48,包含
10,178,包含
10,92,包含
10,86,包含
10,75,包含
10,62,包含
10,475,包含
10,359,包含
10,284,包含
10,494,包含
10,474,包含
10,247,包含
10,344,包含
10,195,包含
14,215,包含
14,416,包含
14,314,包含
14,63,包含
14,55,包含
14,183,包含
14,329,包含
14,142,包含
0,78,包含
0,172,包含
0,363,包含
0,207,包含
0,228,包含
0,442,包含
0,131,包含
0,440,包含
0,26,包含
17,278,包含
17,125,包含
17,111,包含
17,171,包含
17,32,包含
17,33,包含
17,161,包含
17,287,包含
17,46,包含
17,155,包含
17,444,包含
17,427,包含
17,153,包含
17,115,包含
17,170,包含
17,319,包含
20,368,包含
20,167,包含
20,175,包含
20,381,包含
20,383,包含
20,270,包含
20,61,包含
20,96,包含
20,411,包含
20,152,包含
20,361,包含
20,274,包含
20,127,包含
20,220,包含
20,229,包含
3,147,包含
3,258,包含
3,353,包含
3,233,包含
3,50,包含
3,163,包含
7,169,包含
7,354,包含
7,248,包含
7,467,包含
1,176,包含
1,212,包含
4,390,包含
4,288,包含
4,145,包含
4,282,包含
4,146,包含
4,317,包含
4,298,包含
4,415,包含
4,56,包含
4,42,包含
4,377,包含
4,158,包含
21,136,包含
21,357,包含
21,31,包含
21,493,包含
21,332,包含
21,194,包含
21,281,包含
21,423,包含
21,256,包含
21,156,包含
21,57,包含
21,275,包含
21,37,包含
21,219,包含
21,89,包含
21,280,包含
21,64,包含
21,71,包含
21,491,包含
21,201,包含
21,297,包含
21,224,包含
12,492,包含
12,239,包含
2,318,包含
18,420,包含
18,302,包含
18,69,包含
18,333,包含
18,189,包含
18,77,包含
18,130,包含
18,269,包含
18,324,包含
18,294,包含
18,498,包含
18,119,包含
18,394,包含
18,218,包含
18,245,包含
6,348,包含
6,36,包含
6,24,包含
6,221,包含
22,98,包含
22,466,包含
22,435,包含
11,249,包含
11,90,包含
11,407,包含
13,180,包含
13,231,包含
13,373,包含
13,431,包含
13,365,包含
13,502,包含
13,126,包含
13,143,包含
13,241,包含
13,391,包含
13,303,包含
13,165,包含
13,371,包含
13,253,包含
13,376,包含
13,400,包含
13,198,包含
13,452,包含
13,47,包含
13,279,包含
13,430,包含
13,246,包含
13,140,包含
13,107,包含
13,242,包含
13,257,包含
13,448,包含
13,446,包含
13,271,包含
13,214,包含
13,217,包含
13,424,包含
13,188,包含
13,58,包含
13,40,包含
13,321,包含
13,441,包含
13,72,包含
13,154,包含
13,213,包含
13,88,包含
13,185,包含
13,226,包含
13,330,包含
13,193,包含
13,454,包含
13,360,包含
13,486,包含
13,387,包含
13,236,包含
13,133,包含
13,128,包含
13,345,包含
13,487,包含
13,197,包含
13,139,包含
13,312,包含
13,54,包含
13,103,包含
13,25,包含
13,104,包含
13,483,包含
13,337,包含
13,223,包含
13,331,包含
13,157,包含
13,191,包含
13,137,包含
13,379,包含
13,60,包含
13,485,包含
13,301,包含
13,388,包含
13,402,包含
13,255,包含
13,66,包含
13,495,包含
13,51,包含
13,259,包含
13,484,包含
13,339,包含
13,408,包含
13,393,包含
13,76,包含
13,399,包含
13,186,包含
13,309,包含
13,378,包含
13,322,包含
13,225,包含
13,362,包含
13,417,包含
13,159,包含
13,199,包含
13,305,包含
13,85,包含
13,346,包含
13,401,包含
13,334,包含
13,479,包含
13,222,包含
13,462,包含
13,272,包含
13,250,包含
13,102,包含
13,419,包含
13,437,包含
13,338,包含
13,347,包含
13,418,包含
13,105,包含
13,101,包含
13,52,包含
13,460,包含
13,67,包含
13,149,包含
13,113,包含
13,266,包含
13,307,包含
13,141,包含
13,211,包含
13,267,包含
13,395,包含
13,489,包含
13,286,包含
13,433,包含
13,463,包含
13,464,包含
13,138,包含
15,374,包含
15,349,包含
15,276,包含
15,254,包含
15,503,包含
5,293,包含
5,465,包含
5,439,包含
5,160,包含
5,414,包含
5,181,包含
5,99,包含
5,477,包含
5,370,包含
5,124,包含
5,472,包含
5,323,包含
5,273,包含
5,488,包含
5,459,包含
5,173,包含
5,110,包含
5,87,包含
5,200,包含
5,84,包含
5,468,包含
5,122,包含
5,432,包含
5,443,包含
5,315,包含
5,260,包含
5,455,包含
5,95,包含
5,457,包含
5,118,包含
5,182,包含
5,29,包含
5,500,包含
5,356,包含
5,210,包含
5,436,包含
5,83,包含
5,403,包含
5,80,包含
8,449,包含
8,244,包含
8,501,包含
8,179,包含
8,445,包含
8,426,包含
8,375,包含
8,355,包含
8,367,包含
8,496,包含
8,480,包含
